{
    "accuracy": 0.821071752951862,
    "precision": 0.3047619047619048,
    "recall": 0.20512820512820512,
    "auc": 0.6281474698141365
}